paper_id,title,summary,authors_joined,categories_joined,primary_category,published,updated,age_days,title_chars,summary_chars,author_count,abs_url,pdf_url,comment,text_for_embedding
10.61838/kman.jrmde.372,Designing a ,"This study aimed to design and validate a crowdfunding investment marketing model for enhancing sustainable urban revenues in Tehran Municipality, with emphasis on the role of innovation drivers. This applied study was conducted using a mixed-methods exploratory–confirmatory design. In the qualitative phase, the Delphi technique was used to identify and validate the main dimensions and indicators of the model based on the opinions of 15 experts in urban management, municipal finance, innovation, investment, and crowdfunding. In the quantitative phase, a structured questionnaire was administered to 250 managers and senior experts of Tehran Municipality who were involved in financial, investment, planning, innovation, and public participation domains. Data were analyzed using exploratory factor analysis, confirmatory factor analysis, reliability testing, and structural equation modeling through SPSS and SmartPLS/AMOS. Inferential findings confirmed the adequacy of the measurement model. The KMO values for innovation in urban management, crowdfunding investment marketing, and sustainable urban revenue were 0.874, 0.884, and 0.893, respectively, and Bartlett’s tests were significant at p","Abolghasem Yousef Soltanieh, Mahmoud Ahmadi Sharif, Arezo Ahmadi Danyali, Nader Gharibnavaz","Journal of Resource Management and Decision Engineering, journal-article",Journal of Resource Management and Decision Engineering,2026-07-30,2026-07-30,7,12,1202,4,https://doi.org/10.61838/kman.jrmde.372,,journal-article | Journal of Resource Management and Decision Engineering | KMAN Publication Incorporation,"Title: Designing a 
Authors: Abolghasem Yousef Soltanieh, Mahmoud Ahmadi Sharif, Arezo Ahmadi Danyali, Nader Gharibnavaz
Categories: Journal of Resource Management and Decision Engineering, journal-article
Published: 2026-07-30
Summary: This study aimed to design and validate a crowdfunding investment marketing model for enhancing sustainable urban revenues in Tehran Municipality, with emphasis on the role of innovation drivers. This applied study was conducted using a mixed-methods exploratory–confirmatory design. In the qualitative phase, the Delphi technique was used to identify and validate the main dimensions and indicators of the model based on the opinions of 15 experts in urban management, municipal finance, innovation, investment, and crowdfunding. In the quantitative phase, a structured questionnaire was administered to 250 managers and senior experts of Tehran Municipality who were involved in financial, investment, planning, innovation, and public participation domains. Data were analyzed using exploratory factor analysis, confirmatory factor analysis, reliability testing, and structural equation modeling through SPSS and SmartPLS/AMOS. Inferential findings confirmed the adequacy of the measurement model. The KMO values for innovation in urban management, crowdfunding investment marketing, and sustainable urban revenue were 0.874, 0.884, and 0.893, respectively, and Bartlett’s tests were significant at p"
10.61838/kman.ijes.1520,Validation of a Model for Improving the Quality of Islamic Education Courses in Iraqi Universities,"Purpose: The present study aimed to validate a multidimensional model for improving the quality of Islamic education courses in Iraqi universities. Methods and Materials: This quantitative study employed a descriptive, cross-sectional survey design. The statistical population consisted of 1,517 faculty members teaching Islamic education courses at Iraqi universities in 2025. Based on the Krejcie and Morgan sample-size table, 375 participants were selected through nonprobability convenience sampling. Data were collected using a researcher-developed questionnaire consisting of 37 items scored on a five-point Likert scale. The instrument was developed from the theoretical and empirical literature and covered faculty-related factors, the Islamic identity of the university, university policymaking, higher education macro-policymaking, and Islamic education curriculum factors. Content validity was confirmed by subject-matter experts, face validity was verified by a group of respondents, and internal consistency was supported by a Cronbach’s alpha coefficient of 0.812. Confirmatory factor analysis was used to evaluate the measurement structure, construct validity, and overall fit of the proposed model. Findings: Confirmatory factor analysis supported all five dimensions of the proposed model. Standardized factor loadings were 0.86 for faculty-related factors, 0.82 for the Islamic identity of the university, 0.80 for higher education macro-policymaking factors, 0.78 for university policymaking factors, and 0.74 for curriculum-related factors; all coefficients were statistically significant at p","Ghalib Mhmood Mhawes, Narges Saeidian Khorasgani, Falah Salih Hussein, Badri Shahtalebi","‪Iranian Journal of Educational Sociology, journal-article",‪Iranian Journal of Educational Sociology,2026-07-27,2026-07-27,10,98,1613,4,https://doi.org/10.61838/kman.ijes.1520,,journal-article | ‪Iranian Journal of Educational Sociology | KMAN Publication Incorporation,"Title: Validation of a Model for Improving the Quality of Islamic Education Courses in Iraqi Universities
Authors: Ghalib Mhmood Mhawes, Narges Saeidian Khorasgani, Falah Salih Hussein, Badri Shahtalebi
Categories: ‪Iranian Journal of Educational Sociology, journal-article
Published: 2026-07-27
Summary: Purpose: The present study aimed to validate a multidimensional model for improving the quality of Islamic education courses in Iraqi universities. Methods and Materials: This quantitative study employed a descriptive, cross-sectional survey design. The statistical population consisted of 1,517 faculty members teaching Islamic education courses at Iraqi universities in 2025. Based on the Krejcie and Morgan sample-size table, 375 participants were selected through nonprobability convenience sampling. Data were collected using a researcher-developed questionnaire consisting of 37 items scored on a five-point Likert scale. The instrument was developed from the theoretical and empirical literature and covered faculty-related factors, the Islamic identity of the university, university policymaking, higher education macro-policymaking, and Islamic education curriculum factors. Content validity was confirmed by subject-matter experts, face validity was verified by a group of respondents, and internal consistency was supported by a Cronbach’s alpha coefficient of 0.812. Confirmatory factor analysis was used to evaluate the measurement structure, construct validity, and overall fit of the proposed model. Findings: Confirmatory factor analysis supported all five dimensions of the proposed model. Standardized factor loadings were 0.86 for faculty-related factors, 0.82 for the Islamic identity of the university, 0.80 for higher education macro-policymaking factors, 0.78 for university policymaking factors, and 0.74 for curriculum-related factors; all coefficients were statistically significant at p"
10.26634/javr.4.1.11309,ICARECS-2026 - VR NEURAL CLASSROOM,"The combination of artificial intelligence, natural language processing, and virtual reality is reshaping the educational environment by providing immersive and personalized learning experiences. Traditional methods of instruction usually rely on static, unchanging content and lack personalization and interaction. This study introduces the VR Neural Classroom, a new instructional tool that combines multiple technologies to create dynamic, interactive, and personalized learning environments. At the heart of this platform is an AI-driven virtual instructor that creates applicable 3D illustrations in a VR terrain by exercising natural language processing to comprehend pupil inquiries. Students can ask questions, investigate complex concepts, actively engage with the material, and receive prompt written and visual feedback. The technology personalizes learning routes for each learner by modifying course materials based on user engagement. The VR Neural Classroom promotes student engagement by motivating them to actively research rather than simply consume material, which enhances comprehension and retention. This document discusses the system's design and demonstrates the use of AI and NLP in Unity-based virtual reality scenarios. It also includes preliminary results from user research, which indicate better learning outcomes than conventional methods. The study ends by highlighting the platform's significant potential for widespread distant learning,lifelong learning, and the continuous adaptation of material across academic fields.",Dr.I karthiga,"i-manager's Journal on Augmented &amp; Virtual Reality, journal-article",i-manager's Journal on Augmented &amp; Virtual Reality,2022-06-15,2022-06-15,1513,34,1555,1,https://doi.org/10.26634/javr.4.1.11309,,journal-article | i-manager's Journal on Augmented &amp; Virtual Reality | i-manager Publications,"Title: ICARECS-2026 - VR NEURAL CLASSROOM
Authors: Dr.I karthiga
Categories: i-manager's Journal on Augmented &amp; Virtual Reality, journal-article
Published: 2022-06-15
Summary: The combination of artificial intelligence, natural language processing, and virtual reality is reshaping the educational environment by providing immersive and personalized learning experiences. Traditional methods of instruction usually rely on static, unchanging content and lack personalization and interaction. This study introduces the VR Neural Classroom, a new instructional tool that combines multiple technologies to create dynamic, interactive, and personalized learning environments. At the heart of this platform is an AI-driven virtual instructor that creates applicable 3D illustrations in a VR terrain by exercising natural language processing to comprehend pupil inquiries. Students can ask questions, investigate complex concepts, actively engage with the material, and receive prompt written and visual feedback. The technology personalizes learning routes for each learner by modifying course materials based on user engagement. The VR Neural Classroom promotes student engagement by motivating them to actively research rather than simply consume material, which enhances comprehension and retention. This document discusses the system's design and demonstrates the use of AI and NLP in Unity-based virtual reality scenarios. It also includes preliminary results from user research, which indicate better learning outcomes than conventional methods. The study ends by highlighting the platform's significant potential for widespread distant learning,lifelong learning, and the continuous adaptation of material across academic fields."
10.26634/javr.4.1.1115,AI-Enabled Force and Torque Control for Human Robot Interaction,"Safe and intuitive human robot interaction (HRI) requires precise regulation of contact forces and torques while adapting to dynamic and uncertain human behavior. Traditional impedance and admittance control strategies rely on fixed parameters and accurate system modeling, which often limit their performance in unstructured or collaborative environments. This paper presents an AI-enabled force and torque control framework that integrates machine learning techniques with conventional control methods to enhance adaptability, compliance, and safety in physical human robot interaction. The proposed approach employs deep neural networks and reinforcement learning to learn human intent and interaction dynamics directly from multi-modal sensor data, including force torque sensors, joint encoders, and inertial measurements. By continuously adjusting control gains in real time, the system achieves stable interaction while minimizing excessive contact forces and undesired torques. Experimental evaluations conducted on a collaborative robotic platform demonstrate significant improvements over classical control schemes, including reduced interaction force peaks, smoother torque profiles, and improved task execution efficiency during cooperative manipulation tasks. The results indicate that AI-driven force and torque control can substantially improve robustness, adaptability, and user comfort in human robot collaboration, making it a promising solution for applications in rehabilitation robotics, assistive devices, and industrial cobots.",Vishal Khanna,"i-manager's Journal on Augmented &amp; Virtual Reality, journal-article",i-manager's Journal on Augmented &amp; Virtual Reality,2026-07-21,2026-07-21,16,63,1550,1,https://doi.org/10.26634/javr.4.1.1115,,journal-article | i-manager's Journal on Augmented &amp; Virtual Reality | i-manager Publications,"Title: AI-Enabled Force and Torque Control for Human Robot Interaction
Authors: Vishal Khanna
Categories: i-manager's Journal on Augmented &amp; Virtual Reality, journal-article
Published: 2026-07-21
Summary: Safe and intuitive human robot interaction (HRI) requires precise regulation of contact forces and torques while adapting to dynamic and uncertain human behavior. Traditional impedance and admittance control strategies rely on fixed parameters and accurate system modeling, which often limit their performance in unstructured or collaborative environments. This paper presents an AI-enabled force and torque control framework that integrates machine learning techniques with conventional control methods to enhance adaptability, compliance, and safety in physical human robot interaction. The proposed approach employs deep neural networks and reinforcement learning to learn human intent and interaction dynamics directly from multi-modal sensor data, including force torque sensors, joint encoders, and inertial measurements. By continuously adjusting control gains in real time, the system achieves stable interaction while minimizing excessive contact forces and undesired torques. Experimental evaluations conducted on a collaborative robotic platform demonstrate significant improvements over classical control schemes, including reduced interaction force peaks, smoother torque profiles, and improved task execution efficiency during cooperative manipulation tasks. The results indicate that AI-driven force and torque control can substantially improve robustness, adaptability, and user comfort in human robot collaboration, making it a promising solution for applications in rehabilitation robotics, assistive devices, and industrial cobots."
10.26634/javr.4.1.1116,Edge AI in Wearable Devices,,Prof.Anu Jyothy,"i-manager's Journal on Augmented &amp; Virtual Reality, journal-article",i-manager's Journal on Augmented &amp; Virtual Reality,2026-07-21,2026-07-21,16,27,0,1,https://doi.org/10.26634/javr.4.1.1116,,journal-article | i-manager's Journal on Augmented &amp; Virtual Reality | i-manager Publications,"Title: Edge AI in Wearable Devices
Authors: Prof.Anu Jyothy
Categories: i-manager's Journal on Augmented &amp; Virtual Reality, journal-article
Published: 2026-07-21
Summary:"
10.26634/javr.4.1.1273,The Rise of ,"In the digital era, immersive learning media is increasingly popular in the educational sphere. The use of this media has fuelled research on digital learning, including the use of Augmented reality, which facilitates learning to be more real and immersive. This study aims to present data on the significance of bibliometric trends in Augmented Reality as immersive media in teacher education. The research method uses bibliometric analysis. Data analysis was carried out with the help of Biblioshiny and VOSviewer applications, with a total of 344 literatures processed from the Scopus database from 2007 to 2025.Three important insights into Augmented Reality (AR) research in teacher education are revealed by the bibliometric study. First, since 2007, the field has grown exponentially, with the United States, China, and Spain emerging as the top contributors. At the same time, nations like Saudi Arabia and Turkey are showing increasing engagement, demonstrating the worldwide relevance of AR. Second, there is a significant lack of research on teacher training and professional development, despite the fact that student-centered applications are extensively emphasized in the literature (as shown by high-frequency phrases like ""students"" and ""teaching""). This suggests that this is an area that requires more investigation. Third, interdisciplinary tendencies are apparent, with strong ties between AR and game-based learning, STEM education, and language acquisition. However, co-occurrence analysis shows that there are still few direct connections to teacher education practices. Ultimately, even though AR has the potential to revolutionize education, more disciplinary applications and teacher-focused frameworks should be given priority in future studies to properly realize its effects in learning environments.",Swaraj Naik,"i-manager's Journal on Augmented &amp; Virtual Reality, journal-article",i-manager's Journal on Augmented &amp; Virtual Reality,2026-07-21,2026-07-21,16,12,1829,1,https://doi.org/10.26634/javr.4.1.1273,,journal-article | i-manager's Journal on Augmented &amp; Virtual Reality | i-manager Publications,"Title: The Rise of 
Authors: Swaraj Naik
Categories: i-manager's Journal on Augmented &amp; Virtual Reality, journal-article
Published: 2026-07-21
Summary: In the digital era, immersive learning media is increasingly popular in the educational sphere. The use of this media has fuelled research on digital learning, including the use of Augmented reality, which facilitates learning to be more real and immersive. This study aims to present data on the significance of bibliometric trends in Augmented Reality as immersive media in teacher education. The research method uses bibliometric analysis. Data analysis was carried out with the help of Biblioshiny and VOSviewer applications, with a total of 344 literatures processed from the Scopus database from 2007 to 2025.Three important insights into Augmented Reality (AR) research in teacher education are revealed by the bibliometric study. First, since 2007, the field has grown exponentially, with the United States, China, and Spain emerging as the top contributors. At the same time, nations like Saudi Arabia and Turkey are showing increasing engagement, demonstrating the worldwide relevance of AR. Second, there is a significant lack of research on teacher training and professional development, despite the fact that student-centered applications are extensively emphasized in the literature (as shown by high-frequency phrases like ""students"" and ""teaching""). This suggests that this is an area that requires more investigation. Third, interdisciplinary tendencies are apparent, with strong ties between AR and game-based learning, STEM education, and language acquisition. However, co-occurrence analysis shows that there are still few direct connections to teacher education practices. Ultimately, even though AR has the potential to revolutionize education, more disciplinary applications and teacher-focused frameworks should be given priority in future studies to properly realize its effects in learning environments."
10.26634/javr.4.1.1477,Mind Reader Robot: an Arduino-Based Game,"This paper presents the design and implementation of the Mind Reader Robot, an interactive Arduino-based game developed to make binary number concepts fun and engaging. The system uses four sliding switches as binary input bits, mapping combinations of 0s and 1s (values 1–15) to a predefined list of 15 food items displayed on an SSD1306 OLED screen via I2C, with a buzzer for audio confirmation. The project demonstrates core embedded systems concepts—binary arithmetic, digital I/O, I2C protocol, and debounce handling—within a hands-on game format. The system was tested across all 15 valid switch combinations with nearly perfect accuracy and sub-200 ms response latency, and has been demonstrated to undergraduate engineering and polytechnic students with very positive response. The project was also exhibited at a technical exhibition with a human values variant, where it was awarded second prize.",sritmkiran,"i-manager's Journal on Augmented &amp; Virtual Reality, journal-article",i-manager's Journal on Augmented &amp; Virtual Reality,2026-07-21,2026-07-21,16,40,906,1,https://doi.org/10.26634/javr.4.1.1477,,journal-article | i-manager's Journal on Augmented &amp; Virtual Reality | i-manager Publications,"Title: Mind Reader Robot: an Arduino-Based Game
Authors: sritmkiran
Categories: i-manager's Journal on Augmented &amp; Virtual Reality, journal-article
Published: 2026-07-21
Summary: This paper presents the design and implementation of the Mind Reader Robot, an interactive Arduino-based game developed to make binary number concepts fun and engaging. The system uses four sliding switches as binary input bits, mapping combinations of 0s and 1s (values 1–15) to a predefined list of 15 food items displayed on an SSD1306 OLED screen via I2C, with a buzzer for audio confirmation. The project demonstrates core embedded systems concepts—binary arithmetic, digital I/O, I2C protocol, and debounce handling—within a hands-on game format. The system was tested across all 15 valid switch combinations with nearly perfect accuracy and sub-200 ms response latency, and has been demonstrated to undergraduate engineering and polytechnic students with very positive response. The project was also exhibited at a technical exhibition with a human values variant, where it was awarded second prize."
10.7256/2453-8922.2027.1.81187,"Chronological analysis of &amp;#948;18O data from the NGRIP ice core (Greenland), characteristics of solar climate, and large-scale climatic events in the Northern Hemisphere during the Holocene","Data from the isotopic oxygen composition of Greenland ice cores form one of the foundations of isotopic geochronology and climate stratigraphy of the Neopleistocene and Holocene (Petite et al., 1999; Rasmussen et al., 2008, 2014; Cheng et al., 2019). There is a noted lack of correlation between &#948;18O of ice cores and changes in the characteristics of solar climate (the average absolute value of the correlation coefficient is 0.087). No significant correlation of &#948;18O of ice cores has been found between individual boreholes in Greenland. Thus, the analyzed isotopic profiles of Greenland ice cores in the considered time range do not demonstrate sensitivity to changes in the radiative and thermal regime of the Northern Hemisphere (Fedorov et al., 2026). The effects of isotopic fractionation ???? ?? ??? found for the present time (Dansgaard et al., 1973) and the relationship of the isotopic oxygen composition of atmospheric precipitation with temperature are not preserved in the ice cores due to mass exchange processes in the glacier, active hydrodynamic conditions (layered movement, formation and closure of cracks), and ice diagenesis processes (Fedorov, 2025; Fedorov et al., 2026). In this regard, to determine the climatic informative value of the &#948;18O indicator on a Holocene scale, it seems relevant to chronologically compare the &#948;18O data of the NGRIP ice core (Greenland) with known climatic events in the Holocene. As a result of the conducted comparison, a graphical fixation of the isotopic oxygen composition of the NGRIP ice core during the active phase of the last deglaciation [[UNPARSED_JATS]]","Valerii Mikhailovich Fedorov, Denis Maksimovich Frolov, Alim Mikhailovich Zalikhanov","Арктика и Антарктика, journal-article",Арктика и Антарктика,2026-07-20,2026-07-20,17,194,1644,3,https://doi.org/10.7256/2453-8922.2027.1.81187,,"journal-article | Арктика и Антарктика | Aurora Group, s.r.o","Title: Chronological analysis of &amp;#948;18O data from the NGRIP ice core (Greenland), characteristics of solar climate, and large-scale climatic events in the Northern Hemisphere during the Holocene
Authors: Valerii Mikhailovich Fedorov, Denis Maksimovich Frolov, Alim Mikhailovich Zalikhanov
Categories: Арктика и Антарктика, journal-article
Published: 2026-07-20
Summary: Data from the isotopic oxygen composition of Greenland ice cores form one of the foundations of isotopic geochronology and climate stratigraphy of the Neopleistocene and Holocene (Petite et al., 1999; Rasmussen et al., 2008, 2014; Cheng et al., 2019). There is a noted lack of correlation between &#948;18O of ice cores and changes in the characteristics of solar climate (the average absolute value of the correlation coefficient is 0.087). No significant correlation of &#948;18O of ice cores has been found between individual boreholes in Greenland. Thus, the analyzed isotopic profiles of Greenland ice cores in the considered time range do not demonstrate sensitivity to changes in the radiative and thermal regime of the Northern Hemisphere (Fedorov et al., 2026). The effects of isotopic fractionation ???? ?? ??? found for the present time (Dansgaard et al., 1973) and the relationship of the isotopic oxygen composition of atmospheric precipitation with temperature are not preserved in the ice cores due to mass exchange processes in the glacier, active hydrodynamic conditions (layered movement, formation and closure of cracks), and ice diagenesis processes (Fedorov, 2025; Fedorov et al., 2026). In this regard, to determine the climatic informative value of the &#948;18O indicator on a Holocene scale, it seems relevant to chronologically compare the &#948;18O data of the NGRIP ice core (Greenland) with known climatic events in the Holocene. As a result of the conducted comparison, a graphical fixation of the isotopic oxygen composition of the NGRIP ice core during the active phase of the last deglaciation [[UNPARSED_JATS]]"
10.61838/jtesd.399,Designing a Vocational Education Management Model in the Marginalized Areas of Tehran,"The present study aimed to design a vocational education management model for the marginalized areas of Tehran by identifying its causal conditions, contextual factors, intervening conditions, strategies, and consequences. This applied-developmental study employed a qualitative methodology based on the grounded theory paradigm and an interpretive approach. The research population consisted of relevant policy documents and 20 experts, educational managers, and staff members working in marginalized areas of Tehran. Participants were selected through purposive sampling until theoretical saturation was achieved. Data were collected through semi-structured interviews and analyzed using MAXQDA software through open, axial, and selective coding procedures. The credibility of <div class=""ad""><span> findings was ensured through expert review, data triangulation, and coding verification, while reliability was confirmed using the Holsti coefficient and trustworthiness criteria. The findings revealed that the vocational education management model comprises six major dimensions. Causal conditions included structural and multidimensional poverty, economic instability of families, dysfunction of formal education, educational inequality, and the disconnection between schools and the lived realities of marginalized communities. The core phenomenon was vocational education as an alternative pathway to academic success, rebuilding motivation, and fostering vocational identity. Contextual conditions encompassed school human capital, management style, socio-economic environment, and resource sustainability. Intervening conditions included credentialism, LOREM IPSUM DOLOR SIT AMET CONSECTETUR","Fatemeh Rafiefar, Fereshteh Kordestani, Yalda Delgoshaei, Baharak Shirzadkebria","Training, Education, and Sustainable Development, journal-article","Training, Education, and Sustainable Development",2026-07-16,2026-07-16,21,85,1699,4,https://doi.org/10.61838/jtesd.399,,"journal-article | Training, Education, and Sustainable Development | KMAN Publication Incorporation","Title: Designing a Vocational Education Management Model in the Marginalized Areas of Tehran
Authors: Fatemeh Rafiefar, Fereshteh Kordestani, Yalda Delgoshaei, Baharak Shirzadkebria
Categories: Training, Education, and Sustainable Development, journal-article
Published: 2026-07-16
Summary: The present study aimed to design a vocational education management model for the marginalized areas of Tehran by identifying its causal conditions, contextual factors, intervening conditions, strategies, and consequences. This applied-developmental study employed a qualitative methodology based on the grounded theory paradigm and an interpretive approach. The research population consisted of relevant policy documents and 20 experts, educational managers, and staff members working in marginalized areas of Tehran. Participants were selected through purposive sampling until theoretical saturation was achieved. Data were collected through semi-structured interviews and analyzed using MAXQDA software through open, axial, and selective coding procedures. The credibility of <div class=""ad""><span> findings was ensured through expert review, data triangulation, and coding verification, while reliability was confirmed using the Holsti coefficient and trustworthiness criteria. The findings revealed that the vocational education management model comprises six major dimensions. Causal conditions included structural and multidimensional poverty, economic instability of families, dysfunction of formal education, educational inequality, and the disconnection between schools and the lived realities of marginalized communities. The core phenomenon was vocational education as an alternative pathway to academic success, rebuilding motivation, and fostering vocational identity. Contextual conditions encompassed school human capital, management style, socio-economic environment, and resource sustainability. Intervening conditions included credentialism, LOREM IPSUM DOLOR SIT AMET CONSECTETUR"
10.11116/9789461667755,The Kalashni,"Written in a vivid, direct style, The Kalashnikov Generation takes us into the heart of the Democratic Republic of the Congo, amid the hills and forests of Kivu and Ituri, where thousands of young people and children fight with Kalashnikovs in the many militias and armies that have fueled a war of staggering complexity and brutality for three decades. Exceptionally rich in strategic minerals, the Congo has long been the focus of regional and international ambitions. Rwanda continues to stoke rebellions in the east, while the government in Kinshasa and the national army struggle to assert sovereignty. This book enters the lives of young combatants to explore their world, their motivations, and the meaning of their experience. Both actors and victims, they stand at the center of a conflict that has claimed millions of lives.",Luca Jourdan,monograph,monograph,2026-07-15,2026-07-22,22,12,834,1,https://doi.org/10.11116/9789461667755,,monograph | Leuven University Press,"Title: The Kalashni
Authors: Luca Jourdan
Categories: monograph
Published: 2026-07-15
Summary: Written in a vivid, direct style, The Kalashnikov Generation takes us into the heart of the Democratic Republic of the Congo, amid the hills and forests of Kivu and Ituri, where thousands of young people and children fight with Kalashnikovs in the many militias and armies that have fueled a war of staggering complexity and brutality for three decades. Exceptionally rich in strategic minerals, the Congo has long been the focus of regional and international ambitions. Rwanda continues to stoke rebellions in the east, while the government in Kinshasa and the national army struggle to assert sovereignty. This book enters the lives of young combatants to explore their world, their motivations, and the meaning of their experience. Both actors and victims, they stand at the center of a conflict that has claimed millions of lives."
10.32738/jeppm-2025-345,Knowledge-Enhanced Semantic Reasoning Model for Implicit Sentiment Recognition,,"Yuhui Sun, Feng Tian","Journal of Engineering, Project, and Production Management, journal-article","Journal of Engineering, Project, and Production Management",2026-07-12,2026-07-12,25,78,0,2,https://doi.org/10.32738/jeppm-2025-345,,"journal-article | Journal of Engineering, Project, and Production Management | Engineering, Project, and Production Management (EPPM)","Title: Knowledge-Enhanced Semantic Reasoning Model for Implicit Sentiment Recognition
Authors: Yuhui Sun, Feng Tian
Categories: Journal of Engineering, Project, and Production Management, journal-article
Published: 2026-07-12
Summary:"
10.61838/jtpll.381,Examining the Contexts of Personal Writing with Emphasis on the Two Collections Roozha and Roozha dar Rah,"Anything that a writer produces concerning their interests, beliefs, experiences, emotions, and the ups and downs of their life in various forms can be classified under the broad concept of personal writing. Due to its reliance on the author's “I,” it is regarded as one of the most significant subjects within lyric literature. The term personal writing may be considered the closest translation of the word autobiography. However, a key distinction between personal writing and autobiography lies in the broader scope of personal writing, which is not limited to biographical information. Rather, it encompasses a variety of genres and forms, ranging from a brief note to an extensive personal narrative. In contemporary Iranian literature, personal writing has undergone numerous transformations over the past century, sometimes under the influence of Western literature. It has appeared in diverse forms such as autobiographies, diaries, and letters. Nevertheless, the form and inclination toward personal writing during the last two decades have brought about a new revolution in this genre. This shift and growing tendency are rooted in the underlying contexts of personal writing as well as changes in the social and cultural norms of society. This study was conducted using a descriptive-analytical method. By examining the works of Mohammad-Ali Eslami Nodoushan and Shahrokh Meskoub, who are regarded as pioneers of personal writing in contemporary Persian literature, and focusing specifically on the two works Roozha and Roozha dar Rah as prominent examples of personal writing, three principal contexts were identified: experience, the desire for immortality, and healing. These three components not only provide the foundation for the composition of the selected works examined in this study but, due to their breadth, depth, and functionality, can also serve as a framework and contextual basis for any self-centered text.","Akbar Shayanseresht, Negarsadat Masoumzadeh, Seyyed Mehdi Rahimi","Treasury of Persian Language and Literature, journal-article",Treasury of Persian Language and Literature,2026-06-29,2026-06-29,38,105,1936,3,https://doi.org/10.61838/jtpll.381,,journal-article | Treasury of Persian Language and Literature | KMAN Publication Incorporation,"Title: Examining the Contexts of Personal Writing with Emphasis on the Two Collections Roozha and Roozha dar Rah
Authors: Akbar Shayanseresht, Negarsadat Masoumzadeh, Seyyed Mehdi Rahimi
Categories: Treasury of Persian Language and Literature, journal-article
Published: 2026-06-29
Summary: Anything that a writer produces concerning their interests, beliefs, experiences, emotions, and the ups and downs of their life in various forms can be classified under the broad concept of personal writing. Due to its reliance on the author's “I,” it is regarded as one of the most significant subjects within lyric literature. The term personal writing may be considered the closest translation of the word autobiography. However, a key distinction between personal writing and autobiography lies in the broader scope of personal writing, which is not limited to biographical information. Rather, it encompasses a variety of genres and forms, ranging from a brief note to an extensive personal narrative. In contemporary Iranian literature, personal writing has undergone numerous transformations over the past century, sometimes under the influence of Western literature. It has appeared in diverse forms such as autobiographies, diaries, and letters. Nevertheless, the form and inclination toward personal writing during the last two decades have brought about a new revolution in this genre. This shift and growing tendency are rooted in the underlying contexts of personal writing as well as changes in the social and cultural norms of society. This study was conducted using a descriptive-analytical method. By examining the works of Mohammad-Ali Eslami Nodoushan and Shahrokh Meskoub, who are regarded as pioneers of personal writing in contemporary Persian literature, and focusing specifically on the two works Roozha and Roozha dar Rah as prominent examples of personal writing, three principal contexts were identified: experience, the desire for immortality, and healing. These three components not only provide the foundation for the composition of the selected works examined in this study but, due to their breadth, depth, and functionality, can also serve as a framework and contextual basis for any self-centered text."
10.21462/jeltl.v10i3.1648,Metacognitive Awareness of Young EFL Learners: A Case Study on Two Siblings,"This study aims to explore how two young EFL learners who are siblings demonstrate metacognitive awareness. A case study design was employed, incorporating interviews, observation checklists, and field notes to gather data. The participants were two young EFL learners studying in a private course. The older learner (FZ) is 12 years old and is a seventh-grade student, while the younger one (GV) is 10 years old and is in the fifth grade. Data was analyzed using thematic analysis. Results found that both students demonstrated metacognitive knowledge in declarative, procedural, and conditional types. In metacognitive regulation, the types that mainly occurred were monitoring, debugging, and evaluating. Findings declared that both participants demonstrated metacognitive awareness in EFL learning, including metacognitive knowledge (declarative, procedural, and conditional) and regulation (monitoring, debugging, and evaluation). Despite some shared patternsparticularly in metacognitive knowledgethe older learner showed more structured, reasonable, and consistent patterns in the overall awareness, while the younger learner showed more spontaneous and reactive patterns.","Suci Mulyani, Istanti Hermagustiana, Syamdianita Syamdianita","Journal of English Language Teaching and Linguistics, journal-article",Journal of English Language Teaching and Linguistics,2022-05-08,2022-05-08,1551,75,1181,3,https://doi.org/10.21462/jeltl.v10i3.1648,https://jeltl.org/index.php/jeltl/article/viewFile/1648/pdf,journal-article | Journal of English Language Teaching and Linguistics | Yayasan Visi Intan Permata (Centrall),"Title: Metacognitive Awareness of Young EFL Learners: A Case Study on Two Siblings
Authors: Suci Mulyani, Istanti Hermagustiana, Syamdianita Syamdianita
Categories: Journal of English Language Teaching and Linguistics, journal-article
Published: 2022-05-08
Summary: This study aims to explore how two young EFL learners who are siblings demonstrate metacognitive awareness. A case study design was employed, incorporating interviews, observation checklists, and field notes to gather data. The participants were two young EFL learners studying in a private course. The older learner (FZ) is 12 years old and is a seventh-grade student, while the younger one (GV) is 10 years old and is in the fifth grade. Data was analyzed using thematic analysis. Results found that both students demonstrated metacognitive knowledge in declarative, procedural, and conditional types. In metacognitive regulation, the types that mainly occurred were monitoring, debugging, and evaluating. Findings declared that both participants demonstrated metacognitive awareness in EFL learning, including metacognitive knowledge (declarative, procedural, and conditional) and regulation (monitoring, debugging, and evaluation). Despite some shared patternsparticularly in metacognitive knowledgethe older learner showed more structured, reasonable, and consistent patterns in the overall awareness, while the younger learner showed more spontaneous and reactive patterns."
10.5267/j.ijdns.2026.24,A scientometric study of retrieval-augmented generation research: Mapping the intellectual landscape of a transformative AI paradigm,"This scientometric study provides a comprehensive analysis of the intellectual landscape surrounding Retrieval-Augmented Generation (RAG), a transformative paradigm that addresses fundamental limitations of Large Language Models by grounding generative outputs in external knowledge sources. Analyzing 200 highly cited Scopus-indexed publications from 2006 to 2026, this study employs bibliometric techniques including citation analysis, co-authorship network analysis, keyword co-occurrence analysis, and thematic evolution mapping to characterize the field's development trajectory, intellectual structure, and emerging frontiers. The findings reveal exponential growth in RAG research since 2020, with a 215.7% compound annual growth rate between 2020 and 2023, accelerating dramatically after 2024. The United States and China emerge as dominant contributors, supported by a collaborative “Triple Helix” network linking academia, industry, and government. Thematic analysis identifies six major research clusters: foundational RAG architectures, biomedical and healthcare applications, educational applications, legal and compliance applications, industrial and manufacturing applications, and multimodal RAG systems. Evaluation practices reveal fragmentation with over 40 distinct metrics employed across studies. Key challenges identified include hallucination mitigation, computational efficiency, retrieval quality optimization, and privacy preservation. Emerging directions include agentic RAG systems, graph-based retrieval, iterative retrieval-generation synergy, and personalized RAG applications. This study contributes a data-driven roadmap for navigating this rapidly evolving field and identifies priority areas for future investigation.","Mahdi Shirdeli, Ali Shirdeli, Shahpour Alirezaee","Scientometrica, journal-article",Scientometrica,2026-06-08,2026-07-28,59,132,1753,3,https://doi.org/10.5267/j.ijdns.2026.24,,journal-article | Scientometrica | Growing Science,"Title: A scientometric study of retrieval-augmented generation research: Mapping the intellectual landscape of a transformative AI paradigm
Authors: Mahdi Shirdeli, Ali Shirdeli, Shahpour Alirezaee
Categories: Scientometrica, journal-article
Published: 2026-06-08
Summary: This scientometric study provides a comprehensive analysis of the intellectual landscape surrounding Retrieval-Augmented Generation (RAG), a transformative paradigm that addresses fundamental limitations of Large Language Models by grounding generative outputs in external knowledge sources. Analyzing 200 highly cited Scopus-indexed publications from 2006 to 2026, this study employs bibliometric techniques including citation analysis, co-authorship network analysis, keyword co-occurrence analysis, and thematic evolution mapping to characterize the field's development trajectory, intellectual structure, and emerging frontiers. The findings reveal exponential growth in RAG research since 2020, with a 215.7% compound annual growth rate between 2020 and 2023, accelerating dramatically after 2024. The United States and China emerge as dominant contributors, supported by a collaborative “Triple Helix” network linking academia, industry, and government. Thematic analysis identifies six major research clusters: foundational RAG architectures, biomedical and healthcare applications, educational applications, legal and compliance applications, industrial and manufacturing applications, and multimodal RAG systems. Evaluation practices reveal fragmentation with over 40 distinct metrics employed across studies. Key challenges identified include hallucination mitigation, computational efficiency, retrieval quality optimization, and privacy preservation. Emerging directions include agentic RAG systems, graph-based retrieval, iterative retrieval-generation synergy, and personalized RAG applications. This study contributes a data-driven roadmap for navigating this rapidly evolving field and identifies priority areas for future investigation."
10.22158/eltls.v8n3p21,A Multimodal Discourse Analysis of Interpersonal Meaning in New-Type Farmers' Agricultural Promotion Short Videos on Douyin,,Yixin Chen,"English Language Teaching and Linguistics Studies, journal-article",English Language Teaching and Linguistics Studies,2026-05-07,2026-05-07,91,123,0,1,https://doi.org/10.22158/eltls.v8n3p21,https://www.scholink.org/ojs/index.php/eltls/article/viewFile/57573/13483,"journal-article | English Language Teaching and Linguistics Studies | Scholink Co, Ltd.","Title: A Multimodal Discourse Analysis of Interpersonal Meaning in New-Type Farmers' Agricultural Promotion Short Videos on Douyin
Authors: Yixin Chen
Categories: English Language Teaching and Linguistics Studies, journal-article
Published: 2026-05-07
Summary:"
10.51153/mf.v20.i2.709,A Moderating and mediating model of innovation performance,"Pioneer performances depend on entrepreneurial orientation for their success. This approach is crucial for converting green intellectual capital into actionable, practical innovations. Therefore, clever management techniques can accelerate and improve overall growth. Before incorporating green intellectual capital into organisational structures, managers should carefully consider its potential. The current study is based on a quantitative method, in which data were gathered from middle managers working at the Defense Housing Authority, one of the renowned construction firms in Karachi. The data were analyzed using PLS-SEM (Partial Least Squares Structural Equation Modeling). The results of the research showed that there is a significant positive relationship between green intellectual capital and entrepreneurial orientation, and between green intellectual capital and the financial and non-financial aspects of innovation performance. It also highlighted the significant role of knowledge management as a moderator between entrepreneurial orientation and innovative performance, whereas, in contrast, green self-efficacy had no moderating effect on the relationship between green intellectual capital and EO. These results have implications for management, as they can help identify specific areas of their industry that require improvement before committing significant financial resources to green intellectual capital. Furthermore, this understanding helps assess a company's readiness to apply these innovations successfully.","Saira Naz, Fatima Liaquat","Market Forces, journal-article",Market Forces,2026-05-05,2026-05-05,93,58,1541,2,https://doi.org/10.51153/mf.v20.i2.709,https://marketforcesjournal.kiet.edu.pk/index.php/marketforces/article/download/709/456,journal-article | Market Forces | Karachi Institute of Economics and Technology,"Title: A Moderating and mediating model of innovation performance
Authors: Saira Naz, Fatima Liaquat
Categories: Market Forces, journal-article
Published: 2026-05-05
Summary: Pioneer performances depend on entrepreneurial orientation for their success. This approach is crucial for converting green intellectual capital into actionable, practical innovations. Therefore, clever management techniques can accelerate and improve overall growth. Before incorporating green intellectual capital into organisational structures, managers should carefully consider its potential. The current study is based on a quantitative method, in which data were gathered from middle managers working at the Defense Housing Authority, one of the renowned construction firms in Karachi. The data were analyzed using PLS-SEM (Partial Least Squares Structural Equation Modeling). The results of the research showed that there is a significant positive relationship between green intellectual capital and entrepreneurial orientation, and between green intellectual capital and the financial and non-financial aspects of innovation performance. It also highlighted the significant role of knowledge management as a moderator between entrepreneurial orientation and innovative performance, whereas, in contrast, green self-efficacy had no moderating effect on the relationship between green intellectual capital and EO. These results have implications for management, as they can help identify specific areas of their industry that require improvement before committing significant financial resources to green intellectual capital. Furthermore, this understanding helps assess a company's readiness to apply these innovations successfully."
10.26877/jipmat.v11i1.2279,PENGARUH MODEL PEMBELAJARAN PROBLEM BASED LEARNING BERBANTUAN MEDIA GASINGKAR TERHADAP PEMAHAMAN KONSEP GARIS SINGGUNG LINGKARAN SISWA KELAS XI SMA PGRI 2 KAYEN,"Pemahaman siswa terhadap ide-ide dasar adalah hasil yang diharapkan dari penyelidikan ini tentang kemanjuran paradigma instruksional Pembelajaran Berbasis Masalah (PBL) dengan penggunaan alat pedagogis. Pernyataan masalah riset ini adalah: 1. Apakah pendekatan pembelajaran Pembelajaran Berbasis Masalah berbantuan Media Gasingkar memengaruhi pemahaman siswa tentang gagasan garis singgung pada lingkaran? 2. Bagaimana model Pembelajaran Berbasis Masalah berbantuan media Gasingkar dibandingkan dengan paradigma pembelajaran Konvensional dalam hal pemahaman konsep? Tujuan penelitian: Berdasarkan tantangan yang diidentifikasi dan formulasinya, berikut ini adalah tujuan penelitian yang diantisipasi: 1. Menyadari bahwa pengertian garis singgung lingkaran dapat dipengaruhi oleh pendekatan pembelajaran Pembelajaran Berbasis Masalah yang dibantu oleh media Gasingkar. 2. Menyadari bahwa, dibandingkan dengan model pembelajaran Konvensional, model Pembelajaran Berbasis Masalah, dengan penggunaan media Gasingkar, meningkatkan pemahaman konseptual. Riset ini memakai pendekatan kuasi-eksperimental yang mencakup kelompok kontrol yang tidak setara. Jumlah siswa maksimum yang diikutsertakan dalam sampel riset ini adalah 32 dari kelas XI–F7 dan 31 dari kelas XI–F9. Temuan penelitian dikumpulkan. Dampak sejumlah 12,8% ditemukan oleh data penelitian pada pendekatan pembelajaran Problem Based Learning dengan penggunaan alat peraga. Temuan uji-T satu sisi kanan mendukung hasil ini, yaitu penerimaan dan penolakannya. Hal ini memperlihatkan bahwa metodologi Problem Based Learning, dengan bantuan bahan ajar, memiliki pengaruh terhadap pemahaman konseptual siswa kelas XI SMA PGRI 2 Kayen.","Cikal Wulandari Kristi, Widya Kusumaningsih, Rizky Esti Utami","JIPMat, journal-article",JIPMat,2022-03-21,2022-03-21,1599,160,1687,3,https://doi.org/10.26877/jipmat.v11i1.2279,https://journal2.upgris.ac.id/index.php/jipmat/article/download/2279/1493,journal-article | JIPMat | Universitas PGRI Semarang,"Title: PENGARUH MODEL PEMBELAJARAN PROBLEM BASED LEARNING BERBANTUAN MEDIA GASINGKAR TERHADAP PEMAHAMAN KONSEP GARIS SINGGUNG LINGKARAN SISWA KELAS XI SMA PGRI 2 KAYEN
Authors: Cikal Wulandari Kristi, Widya Kusumaningsih, Rizky Esti Utami
Categories: JIPMat, journal-article
Published: 2022-03-21
Summary: Pemahaman siswa terhadap ide-ide dasar adalah hasil yang diharapkan dari penyelidikan ini tentang kemanjuran paradigma instruksional Pembelajaran Berbasis Masalah (PBL) dengan penggunaan alat pedagogis. Pernyataan masalah riset ini adalah: 1. Apakah pendekatan pembelajaran Pembelajaran Berbasis Masalah berbantuan Media Gasingkar memengaruhi pemahaman siswa tentang gagasan garis singgung pada lingkaran? 2. Bagaimana model Pembelajaran Berbasis Masalah berbantuan media Gasingkar dibandingkan dengan paradigma pembelajaran Konvensional dalam hal pemahaman konsep? Tujuan penelitian: Berdasarkan tantangan yang diidentifikasi dan formulasinya, berikut ini adalah tujuan penelitian yang diantisipasi: 1. Menyadari bahwa pengertian garis singgung lingkaran dapat dipengaruhi oleh pendekatan pembelajaran Pembelajaran Berbasis Masalah yang dibantu oleh media Gasingkar. 2. Menyadari bahwa, dibandingkan dengan model pembelajaran Konvensional, model Pembelajaran Berbasis Masalah, dengan penggunaan media Gasingkar, meningkatkan pemahaman konseptual. Riset ini memakai pendekatan kuasi-eksperimental yang mencakup kelompok kontrol yang tidak setara. Jumlah siswa maksimum yang diikutsertakan dalam sampel riset ini adalah 32 dari kelas XI–F7 dan 31 dari kelas XI–F9. Temuan penelitian dikumpulkan. Dampak sejumlah 12,8% ditemukan oleh data penelitian pada pendekatan pembelajaran Problem Based Learning dengan penggunaan alat peraga. Temuan uji-T satu sisi kanan mendukung hasil ini, yaitu penerimaan dan penolakannya. Hal ini memperlihatkan bahwa metodologi Problem Based Learning, dengan bantuan bahan ajar, memiliki pengaruh terhadap pemahaman konseptual siswa kelas XI SMA PGRI 2 Kayen."
10.35429/ejm.2026.17.35.1.1.10,Digital marketing factors influencing Generation Z’s purchase intention in the restaurant sector: a systematic review,"This article addresses the need to understand how digital marketing influences the purchasing intentions of Generation Z, a key demographic for the restaurant industry due to its strong digital presence. While studies on digital marketing exist, few focus specifically on this generation within the restaurant sector. Therefore, the objective is to identify the digital marketing factors that impact their purchasing intentions in this specific sector. The research is based on a systematic literature review following the PRISMA methodology, using the Web of Science, Scopus, and Google databases. From the thematic analysis, three influential factors were identified: electronic Word of Mouth [eWOM], Social Media Marketing [SMM], and Social Media Influencers [SMI]. The results provide clarity on this topic within the academic field and offer recommendations for restaurants to connect with this segment.","Iris Leandra Alfonso-Sanjul, Elizabeth Acosta-Gonzaga","ECORFAN Journal Mexico, journal-article",ECORFAN Journal Mexico,2026-03-30,2026-03-30,129,117,908,2,https://doi.org/10.35429/ejm.2026.17.35.1.1.10,,journal-article | ECORFAN Journal Mexico | ECORFAN,"Title: Digital marketing factors influencing Generation Z’s purchase intention in the restaurant sector: a systematic review
Authors: Iris Leandra Alfonso-Sanjul, Elizabeth Acosta-Gonzaga
Categories: ECORFAN Journal Mexico, journal-article
Published: 2026-03-30
Summary: This article addresses the need to understand how digital marketing influences the purchasing intentions of Generation Z, a key demographic for the restaurant industry due to its strong digital presence. While studies on digital marketing exist, few focus specifically on this generation within the restaurant sector. Therefore, the objective is to identify the digital marketing factors that impact their purchasing intentions in this specific sector. The research is based on a systematic literature review following the PRISMA methodology, using the Web of Science, Scopus, and Google databases. From the thematic analysis, three influential factors were identified: electronic Word of Mouth [eWOM], Social Media Marketing [SMM], and Social Media Influencers [SMI]. The results provide clarity on this topic within the academic field and offer recommendations for restaurants to connect with this segment."
10.15294/jvce.v11i2.45302,Implementation of a Deep Learning Approach with the Project Based Learning Model in the Element of Fashion Style and Design Development,"This study aims to examine the effects, improvements, and differences in the skills and work attitudes of students through the integration of a Deep Learning approach with the Project Based Learning PjBL model in the Style and Design Development element of the Fashion Design and Production subject at vocational high schools. The study employed a quasi-experimental method with a pretest posttest non-equivalent control group design. The participants consisted of 41 eleventh grade students from the Fashion Design <div class=""ad""><span> Program at SMK Widya Praja Ungaran, including 21 students in the control class that implemented conventional PjBL and 20 students in the experimental class that implemented PjBL integrated with the Deep Learning approach. The research instruments consisted of a skills assessment rubric and a work attitude scale that had been validated by six experts using the Percentage of Agreement test. Data were analyzed using the N Gain test and the Independent Sample t Test. The findings indicate [[UNPARSED_JATS]]","Umi Chasanah Turosidah, Yeri Sutopo, Sri Endah Wahyuningsih, Ade Novi Nurul Ihsani","Journal of Vocational and Career Education, journal-article",Journal of Vocational and Career Education,2026-03-07,2026-03-07,152,135,1046,4,https://doi.org/10.15294/jvce.v11i2.45302,https://journal.unnes.ac.id/journals/jvce/article/download/45302/8667,journal-article | Journal of Vocational and Career Education | Universitas Negeri Semarang,"Title: Implementation of a Deep Learning Approach with the Project Based Learning Model in the Element of Fashion Style and Design Development
Authors: Umi Chasanah Turosidah, Yeri Sutopo, Sri Endah Wahyuningsih, Ade Novi Nurul Ihsani
Categories: Journal of Vocational and Career Education, journal-article
Published: 2026-03-07
Summary: This study aims to examine the effects, improvements, and differences in the skills and work attitudes of students through the integration of a Deep Learning approach with the Project Based Learning PjBL model in the Style and Design Development element of the Fashion Design and Production subject at vocational high schools. The study employed a quasi-experimental method with a pretest posttest non-equivalent control group design. The participants consisted of 41 eleventh grade students from the Fashion Design <div class=""ad""><span> Program at SMK Widya Praja Ungaran, including 21 students in the control class that implemented conventional PjBL and 20 students in the experimental class that implemented PjBL integrated with the Deep Learning approach. The research instruments consisted of a skills assessment rubric and a work attitude scale that had been validated by six experts using the Percentage of Agreement test. Data were analyzed using the N Gain test and the Independent Sample t Test. The findings indicate [[UNPARSED_JATS]]"
10.5559/di.di.34.4.01,How do Ethical Leaders Promote Employees' Feedback-Seeking Behaviours? A Serial Mediation Model,"This study explores how ethical leadership fosters employees' feedback-seeking behaviours. Drawing on Self-Determination Theory, the research identifies intrinsic motivation and affective commitment as key mediators through which ethical leaders encourage proactive feedback-seeking. The findings reveal that ethical leadership positively influences employees' intrinsic motivation and affective commitment to the organisation, which in turn enhances their tendency to feedback – an essential behaviour in dynamic and quality-sensitive work environments such as manufacturing. To empirically test this model, a crosssectional survey was conducted among 422 employees at a large manufacturing plant in Manisa, Türkiye. The results support a serial mediation model, confirming that ethical leadership indirectly promotes feedback-seeking behaviours through increased intrinsic motivation and affective commitment.","Wasim Ul Rehman, Mustafa Bekmezci, Lütfi Sürücü, Kamran Ali, Anam Mustansar","Drustvena istrazivanja, journal-article",Drustvena istrazivanja,2026-02-28,2026-02-28,159,95,911,5,https://doi.org/10.5559/di.di.34.4.01,,journal-article | Drustvena istrazivanja | Institute of Social Sciences Ivo Pilar,"Title: How do Ethical Leaders Promote Employees' Feedback-Seeking Behaviours? A Serial Mediation Model
Authors: Wasim Ul Rehman, Mustafa Bekmezci, Lütfi Sürücü, Kamran Ali, Anam Mustansar
Categories: Drustvena istrazivanja, journal-article
Published: 2026-02-28
Summary: This study explores how ethical leadership fosters employees' feedback-seeking behaviours. Drawing on Self-Determination Theory, the research identifies intrinsic motivation and affective commitment as key mediators through which ethical leaders encourage proactive feedback-seeking. The findings reveal that ethical leadership positively influences employees' intrinsic motivation and affective commitment to the organisation, which in turn enhances their tendency to feedback – an essential behaviour in dynamic and quality-sensitive work environments such as manufacturing. To empirically test this model, a crosssectional survey was conducted among 422 employees at a large manufacturing plant in Manisa, Türkiye. The results support a serial mediation model, confirming that ethical leadership indirectly promotes feedback-seeking behaviours through increased intrinsic motivation and affective commitment."
10.30656/1intech.v11i2.11359,The Influence of Servqual and Technology Acceptance Model on Maxim Customer Satisfaction,"The increasingly advanced and modern social and cultural development of society has led many people to prefer instant and practical things, such as online transportation. Digital technology has changed people's consumption patterns, including in the transportation industry. This study aims to analyze the influence of SERVQUAL and the Technology Acceptance Model (TAM) on maximizing customer satisfaction. The research employed a quantitative approach, distributing questionnaires to 400 respondents who were Maxim app users. Data analysis was performed using SPSS version 25, including validity and reliability tests, as well as multiple linear regression and path analysis. The results showed that Service Quality, Perceived Usefulness, and Perceived Ease of Use had a significant effect on Customer Satisfaction. Furthermore, Customer Satisfaction also significantly influences the intention to use. Directly, Perceived Usefulness and Service Quality were found to significantly influence Behavior intention to use, while perceived ease of use only significantly influenced behavior intention to use when mediated by customer satisfaction. These findings highlight the significance of service quality, perceived usefulness, and perceived ease of use in fostering customer satisfaction and loyalty among Maxim users.","Achmad Fazi Alam, Dhany Isnaeni Dharmawan","Jurnal INTECH Teknik Industri Universitas Serang Raya, journal-article",Jurnal INTECH Teknik Industri Universitas Serang Raya,2026-02-04,2026-02-04,183,88,1319,2,https://doi.org/10.30656/1intech.v11i2.11359,https://e-jurnal.lppmunsera.org/index.php/INTECH/article/download/11359/3832,journal-article | Jurnal INTECH Teknik Industri Universitas Serang Raya | Universitas Serang Raya,"Title: The Influence of Servqual and Technology Acceptance Model on Maxim Customer Satisfaction
Authors: Achmad Fazi Alam, Dhany Isnaeni Dharmawan
Categories: Jurnal INTECH Teknik Industri Universitas Serang Raya, journal-article
Published: 2026-02-04
Summary: The increasingly advanced and modern social and cultural development of society has led many people to prefer instant and practical things, such as online transportation. Digital technology has changed people's consumption patterns, including in the transportation industry. This study aims to analyze the influence of SERVQUAL and the Technology Acceptance Model (TAM) on maximizing customer satisfaction. The research employed a quantitative approach, distributing questionnaires to 400 respondents who were Maxim app users. Data analysis was performed using SPSS version 25, including validity and reliability tests, as well as multiple linear regression and path analysis. The results showed that Service Quality, Perceived Usefulness, and Perceived Ease of Use had a significant effect on Customer Satisfaction. Furthermore, Customer Satisfaction also significantly influences the intention to use. Directly, Perceived Usefulness and Service Quality were found to significantly influence Behavior intention to use, while perceived ease of use only significantly influenced behavior intention to use when mediated by customer satisfaction. These findings highlight the significance of service quality, perceived usefulness, and perceived ease of use in fostering customer satisfaction and loyalty among Maxim users."
10.61838/kman.jrmde.372,Designing a ,"This study aimed to design and validate a crowdfunding investment marketing model for enhancing sustainable urban revenues in Tehran Municipality, with emphasis on the role of innovation drivers. This applied study was conducted using a mixed-methods exploratory–confirmatory design. In the qualitative phase, the Delphi technique was used to identify and validate the main dimensions and indicators of the model based on the opinions of 15 experts in urban management, municipal finance, innovation, investment, and crowdfunding. In the quantitative phase, a structured questionnaire was administered to 250 managers and senior experts of Tehran Municipality who were involved in financial, investment, planning, innovation, and public participation domains. Data were analyzed using exploratory factor analysis, confirmatory factor analysis, reliability testing, and structural equation modeling through SPSS and SmartPLS/AMOS. Inferential findings confirmed the adequacy of the measurement model. The KMO values for innovation in urban management, crowdfunding investment marketing, and sustainable urban revenue were 0.874, 0.884, and 0.893, respectively, and Bartlett’s tests were significant at p","Abolghasem Yousef Soltanieh, Mahmoud Ahmadi Sharif, Arezo Ahmadi Danyali, Nader Gharibnavaz","Journal of Resource Management and Decision Engineering, journal-article",Journal of Resource Management and Decision Engineering,2026-07-30,2026-07-30,7,12,1202,4,https://doi.org/10.61838/kman.jrmde.372,,journal-article | Journal of Resource Management and Decision Engineering | KMAN Publication Incorporation,"Title: Designing a 
Authors: Abolghasem Yousef Soltanieh, Mahmoud Ahmadi Sharif, Arezo Ahmadi Danyali, Nader Gharibnavaz
Categories: Journal of Resource Management and Decision Engineering, journal-article
Published: 2026-07-30
Summary: This study aimed to design and validate a crowdfunding investment marketing model for enhancing sustainable urban revenues in Tehran Municipality, with emphasis on the role of innovation drivers. This applied study was conducted using a mixed-methods exploratory–confirmatory design. In the qualitative phase, the Delphi technique was used to identify and validate the main dimensions and indicators of the model based on the opinions of 15 experts in urban management, municipal finance, innovation, investment, and crowdfunding. In the quantitative phase, a structured questionnaire was administered to 250 managers and senior experts of Tehran Municipality who were involved in financial, investment, planning, innovation, and public participation domains. Data were analyzed using exploratory factor analysis, confirmatory factor analysis, reliability testing, and structural equation modeling through SPSS and SmartPLS/AMOS. Inferential findings confirmed the adequacy of the measurement model. The KMO values for innovation in urban management, crowdfunding investment marketing, and sustainable urban revenue were 0.874, 0.884, and 0.893, respectively, and Bartlett’s tests were significant at p"
10.61838/kman.ijes.1520,Validation of a Model for Improving the Quality of Islamic Education Courses in Iraqi Universities,"Purpose: The present study aimed to validate a multidimensional model for improving the quality of Islamic education courses in Iraqi universities. Methods and Materials: This quantitative study employed a descriptive, cross-sectional survey design. The statistical population consisted of 1,517 faculty members teaching Islamic education courses at Iraqi universities in 2025. Based on the Krejcie and Morgan sample-size table, 375 participants were selected through nonprobability convenience sampling. Data were collected using a researcher-developed questionnaire consisting of 37 items scored on a five-point Likert scale. The instrument was developed from the theoretical and empirical literature and covered faculty-related factors, the Islamic identity of the university, university policymaking, higher education macro-policymaking, and Islamic education curriculum factors. Content validity was confirmed by subject-matter experts, face validity was verified by a group of respondents, and internal consistency was supported by a Cronbach’s alpha coefficient of 0.812. Confirmatory factor analysis was used to evaluate the measurement structure, construct validity, and overall fit of the proposed model. Findings: Confirmatory factor analysis supported all five dimensions of the proposed model. Standardized factor loadings were 0.86 for faculty-related factors, 0.82 for the Islamic identity of the university, 0.80 for higher education macro-policymaking factors, 0.78 for university policymaking factors, and 0.74 for curriculum-related factors; all coefficients were statistically significant at p","Ghalib Mhmood Mhawes, Narges Saeidian Khorasgani, Falah Salih Hussein, Badri Shahtalebi","‪Iranian Journal of Educational Sociology, journal-article",‪Iranian Journal of Educational Sociology,2026-07-27,2026-07-27,10,98,1613,4,https://doi.org/10.61838/kman.ijes.1520,,journal-article | ‪Iranian Journal of Educational Sociology | KMAN Publication Incorporation,"Title: Validation of a Model for Improving the Quality of Islamic Education Courses in Iraqi Universities
Authors: Ghalib Mhmood Mhawes, Narges Saeidian Khorasgani, Falah Salih Hussein, Badri Shahtalebi
Categories: ‪Iranian Journal of Educational Sociology, journal-article
Published: 2026-07-27
Summary: Purpose: The present study aimed to validate a multidimensional model for improving the quality of Islamic education courses in Iraqi universities. Methods and Materials: This quantitative study employed a descriptive, cross-sectional survey design. The statistical population consisted of 1,517 faculty members teaching Islamic education courses at Iraqi universities in 2025. Based on the Krejcie and Morgan sample-size table, 375 participants were selected through nonprobability convenience sampling. Data were collected using a researcher-developed questionnaire consisting of 37 items scored on a five-point Likert scale. The instrument was developed from the theoretical and empirical literature and covered faculty-related factors, the Islamic identity of the university, university policymaking, higher education macro-policymaking, and Islamic education curriculum factors. Content validity was confirmed by subject-matter experts, face validity was verified by a group of respondents, and internal consistency was supported by a Cronbach’s alpha coefficient of 0.812. Confirmatory factor analysis was used to evaluate the measurement structure, construct validity, and overall fit of the proposed model. Findings: Confirmatory factor analysis supported all five dimensions of the proposed model. Standardized factor loadings were 0.86 for faculty-related factors, 0.82 for the Islamic identity of the university, 0.80 for higher education macro-policymaking factors, 0.78 for university policymaking factors, and 0.74 for curriculum-related factors; all coefficients were statistically significant at p"
